id,Based on Novel
135397,0
76341,0
262500,1
140607,0
168259,0
281957,1
87101,0
286217,1
211672,0
150540,0
206647,1
76757,0
264660,0
257344,0
99861,0
273248,0
260346,0
102899,0
150689,0
131634,0
158852,0
307081,0
254128,0
216015,1
318846,0
177677,0
214756,0
207703,0
314365,0
294254,1
198184,0
254470,0
296098,0
257445,1
264644,1
105864,0
241554,0
167073,1
277216,0
274854,0
321697,0
203801,0
293863,0
325348,0
228161,0
286565,0
254320,0
258480,0
257211,0
253412,0
274479,0
257088,0
295964,0
238615,0
210860,1
306819,0
201088,0
273481,0
166424,0
310131,0
238713,0
256591,0
249070,0
205775,0
312221,0
271718,0
333352,0
276907,0
266647,0
227973,0
321741,0
296100,0
263472,0
228205,1
159824,0
333348,0
285783,0
290764,0
296099,0
243688,0
287424,0
181283,0
328425,0
274167,0
309809,0
298382,1
272693,0
283445,0
256961,0
241251,0
188222,0
252838,0
273477,0
298312,0
261023,0
336004,0
287903,0
182560,1
192141,0
308639,0
261392,0
304357,0
266294,0
227719,0
287948,0
201085,0
264999,0
146301,0
294016,0
290751,0
228165,0
272878,0
266396,0
277685,0
268920,0
280092,0
328589,1
228066,0
291270,0
250124,0
282984,0
275601,0
304372,0
252512,0
257091,0
293646,0
245168,0
301351,0
268238,0
256962,0
222936,0
10317,0
306745,0
292431,0
300693,0
256924,0
253414,0
320588,0
157544,0
283235,0
243938,0
254905,0
232572,0
243940,0
239573,0
167810,0
299245,0
314385,0
253331,0
297806,0
266639,0
283587,1
234212,0
308638,0
245846,0
331190,0
343795,0
309304,0
323272,0
273899,0
157336,0
118340,0
100402,0
245891,0
131631,0
122917,0
177572,0
205596,0
198663,1
194662,0
210577,1
228150,0
181533,0
157350,1
127585,0
240832,0
98566,0
225886,0
242582,0
91314,0
120467,0
244786,0
119450,0
156022,0
227159,0
102382,0
137113,0
228967,0
190859,0
147441,0
124905,0
102651,0
254904,0
242512,0
82702,0
270303,0
138103,0
137106,0
68737,0
266856,0
193893,0
49017,0
270946,0
224141,0
53182,0
227156,0
187017,0
169917,1
116149,1
284276,0
212778,0
238636,0
218043,0
85350,0
241239,0
184315,0
86834,0
205587,0
232672,0
195589,0
249164,0
243683,0
222935,1
168530,0
171274,1
137094,0
225574,0
206487,0
154400,0
97020,0
157353,0
193610,0
82703,0
189,0
172385,0
100042,0
152760,0
227306,0
273895,0
265177,0
228970,0
76649,0
239571,0
196867,0
228326,0
239563,0
136797,0
228194,0
170687,1
87093,0
241254,0
242095,0
216282,0
218836,0
144336,0
136835,0
284293,0
256274,0
87492,0
226857,0
157845,0
184098,0
271674,1
187596,0
250546,0
100241,0
225565,0
200505,0
254473,0
242224,0
226486,0
137321,1
241848,0
256917,0
171424,0
218778,1
239678,1
264656,1
230179,0
209451,0
222899,0
198185,0
231576,0
244539,0
97370,0
177494,0
235260,0
242042,0
217993,0
157834,0
232679,0
177047,0
193612,0
157849,0
282813,0
246860,0
245916,0
254191,0
210479,0
227735,0
288158,1
145220,0
246403,0
286521,0
236751,1
188207,0
253235,0
244566,0
230266,0
244783,0
252171,0
210947,0
241771,0
252680,0
238603,0
284536,0
209185,0
157847,0
270654,0
157099,0
249660,0
79316,0
282296,0
251321,0
262340,0
11,0
691,0
11319,0
703,0
840,0
5902,0
11940,0
11009,0
12535,0
17689,0
11586,0
7227,0
985,0
12707,0
38985,0
72277,0
30315,0
16220,0
12262,0
19995,0
16869,0
12437,0
767,0
14160,0
13475,0
534,0
17654,0
10528,0
19913,0
8355,0
18785,0
13183,0
14161,0
12244,0
13448,0
10198,1
22881,0
19908,0
18239,0
10184,0
14869,0
18240,0
20943,0
22794,0
10315,0
14836,0
18360,0
16996,0
17979,0
7980,0
14560,0
28178,0
22803,0
22825,0
15092,0
19898,0
16871,0
13811,0
17431,0
19585,0
18487,0
23082,0
20048,1
18501,0
31011,0
19899,0
7445,0
20766,0
15512,0
24469,0
24803,0
28211,0
11322,0
19994,0
21208,0
23706,0
19912,0
23398,0
36419,0
10521,0
25793,0
16995,0
13788,0
12572,0
16538,0
11323,0
13836,0
28355,0
18947,0
19901,0
24420,1
17609,0
25643,0
13455,0
26390,0
22804,0
18320,0
12573,0
12403,0
22787,0
8952,0
34647,0
17134,0
20453,0
8373,0
10313,0
22832,0
23367,0
16523,0
22897,0
18162,0
22954,0
16866,0
17610,0
39800,0
38448,0
14435,0
22949,0
26428,0
22821,0
11699,0
8054,0
18476,0
4597,0
24418,0
12834,0
24684,0
20829,0
22947,0
16577,0
4959,0
28510,0
13804,0
22074,0
24150,0
18126,0
15357,0
20856,0
21407,0
31723,0
22824,0
36691,0
38542,0
16558,0
29963,0
16614,0
12569,0
34769,0
10197,0
28089,0
19255,0
23049,0
10024,0
17332,0
13207,0
15577,0
25941,0
19959,0
15268,0
15189,0
17335,0
11928,1
22798,0
32985,0
29426,0
2080,0
17532,0
24804,0
28053,0
8915,0
25137,0
14536,0
12404,1
25132,0
26688,0
22215,0
41479,0
17927,0
22717,0
20178,0
17680,0
25704,0
25183,0
25196,0
38850,0
43937,1
30128,1
21033,0
24438,0
1977,0
29150,0
33870,0
42151,0
27205,0
10138,0
12155,1
44214,0
12444,0
20352,0
27578,0
10191,0
11324,1
20526,0
38757,0
10193,0
27576,0
44115,0
37735,0
10140,1
23483,0
37710,0
9543,0
20662,0
44264,0
18823,0
27022,0
37799,0
22538,0
39451,0
34851,0
32657,0
44048,0
10192,0
22971,1
34544,0
39514,0
23631,0
38365,0
20504,0
35056,0
23168,0
24021,0
38055,0
10196,0
27581,0
49018,0
41233,0
45269,0
43347,0
49009,0
31867,0
23830,0
37834,0
38167,0
46705,0
27573,0
25195,0
22972,0
38745,0
34806,0
37950,1
41210,0
27586,0
32856,0
46261,0
41439,0
38575,0
41733,0
44147,0
26389,0
11439,0
43923,0
43539,0
23437,0
34813,0
45317,0
32823,0
20533,0
40264,0
44639,0
37821,0
22894,0
37786,0
38303,0
35019,0
23048,0
41402,0
43949,1
41216,0
22907,0
42297,0
44129,0
38073,0
41283,0
41436,0
42188,1
27579,0
23742,0
43933,0
38408,0
23759,0
55347,0
41505,0
44113,0
33217,1
43947,0
43593,0
38357,0
45094,0
49852,0
38358,0
23023,0
38363,0
45657,0
26388,0
38778,0
39781,0
42684,0
48289,0
39013,0
27004,0
39691,0
37931,0
42888,0
45649,0
23172,0
34016,0
53172,0
48838,0
44603,0
43931,0
42194,0
42194,0
60309,0
34803,0
44835,0
44629,0
38579,0
33909,0
43434,0
44009,0
45658,0
29427,0
27585,0
12819,0
41515,0
41592,0
45132,0
44638,0
45272,0
43930,0
27569,0
44040,0
34563,0
31261,0
46829,0
12201,0
44877,0
70695,0
42296,0
35169,0
45324,0
43919,0
43935,0
38568,0
43942,0
56601,0
52015,0
46528,0
50204,0
12645,0
37495,0
46689,0
47088,0
41556,0
56812,0
35688,0
35791,0
43552,0
49679,0
39486,0
39356,0
550,0
603,0
14,0
1893,0
564,0
497,0
745,0
36643,0
796,0
2668,0
2105,0
1844,0
863,0
4951,0
509,0
817,0
226,0
9008,0
926,0
345,0
492,0
9535,0
10137,1
9481,0
8487,0
1911,0
9946,0
1715,0
10386,0
8914,0
2112,0
4806,0
10314,0
10398,0
8374,0
1542,0
1443,0
2277,0
2667,0
622,0
10400,0
1090,0
9032,0
8224,0
1832,0
11618,0
1641,0
11622,0
10207,0
2275,1
10307,0
11601,0
334,0
2020,0
9423,0
1213,0
9825,0
9781,0
9824,0
49948,0
9430,0
11355,0
6415,0
1850,0
17707,0
11377,0
913,0
12618,0
1946,0
20024,0
11001,0
7341,0
38809,0
9455,0
10366,0
2162,0
6522,0
21349,0
2900,0
9849,0
10388,0
10397,0
12220,0
14429,0
10208,0
24137,0
10402,0
6552,0
9563,0
30943,0
11129,0
22314,0
10342,0
10490,0
16162,0
16172,0
26149,0
15198,0
16379,0
16158,0
15256,0
8970,0
10047,0
5470,0
20761,0
24066,0
22267,0
18892,0
16406,0
47288,0
14578,0
1812,0
22345,0
10557,0
39964,0
10368,0
120,0
671,0
1018,0
141,0
585,0
644,0
808,0
634,0
161,0
676,0
1734,0
10865,0
1995,0
453,0
2770,0
9880,0
824,0
869,0
9428,0
4133,0
853,0
855,0
8835,0
9476,0
9398,0
11397,0
4248,0
5175,0
2034,0
1933,0
12589,0
2294,0
9778,0
10992,0
1903,0
2140,0
1535,0
9705,0
9889,0
9989,0
2114,0
2057,0
10808,0
8007,0
8922,0
768,0
2100,0
2043,0
39939,0
2018,0
9896,0
5279,0
11470,0
6073,0
10866,0
10950,0
12508,0
167,0
12103,0
9290,0
12149,0
5852,0
11313,0
2176,0
2749,0
20857,0
9397,0
8489,0
10972,0
11371,0
1365,0
10956,0
10877,0
2575,0
1921,0
8386,0
10646,0
11086,0
12138,0
23949,0
14752,0
10016,0
10878,0
11091,0
12610,0
24940,0
9799,0
441,0
9816,0
10054,0
5955,0
3172,0
11090,0
7501,0
10691,0
10477,0
14369,0
13496,0
9740,0
11456,0
19405,0
26602,0
2171,0
4012,0
34549,0
23685,0
50035,0
17708,0
331,0
1722,0
15647,0
11370,0
35080,0
18734,0
20794,0
16723,0
11380,0
13408,0
19058,0
15745,0
16161,0
155,0
10681,0
1726,0
8681,0
217,0
8966,0
10764,0
9502,0
13523,0
11631,0
4922,0
1735,0
1724,0
13223,0
10527,0
11253,0
8247,1
88751,0
8909,0
12405,0
13387,0
2253,0
7840,0
8960,0
12162,0
9029,0
2454,1
7446,0
13027,0
14574,0
7555,0
10483,0
8328,0
10200,0
11321,0
7191,0
13053,0
9870,0
6972,0
10201,0
14306,1
12113,0
4944,0
6557,0
2309,0
8065,0
8848,0
12133,0
8676,0
8456,0
10189,0
12163,0
10202,0
13056,0
13051,0
13515,0
7461,0
10358,0
11665,0
15373,0
9381,0
8321,0
3580,0
8204,0
13335,0
1266,0
12182,0
12193,0
13001,0
12620,0
12180,0
11917,0
12177,0
7459,0
5038,0
12222,0
1729,0
13389,0
6687,0
13291,0
10661,0
13813,0
8090,0
10665,0
10139,0
10529,0
8836,0
14359,0
13600,0
10761,0
13018,0
13809,0
9030,0
11671,0
13184,0
7278,0
8988,0
8338,0
8285,0
14637,0
12690,0
17436,1
8645,0
13460,0
18032,0
8885,0
4564,0
10186,0
10199,0
11918,0
12837,0
17606,0
14405,0
4148,0
13090,0
16353,0
13150,0
13827,0
8780,0
13991,0
12568,0
21755,0
11260,0
13812,0
14011,0
10362,0
13944,0
10188,0
14325,0
10900,0
13972,0
17108,0
13506,0
11802,0
13279,0
14073,0
13973,0
13191,0
13990,0
8944,0
18176,0
13805,0
12412,0
13596,0
8279,0
10185,0
13256,0
10187,0
10523,0
14438,0
12890,0
10488,0
14248,0
13092,0
16564,0
15749,0
13490,0
14070,0
14301,0
14467,0
13996,0
7351,0
15467,0
20764,0
22556,0
23174,0
13359,0
1771,0
64690,0
12445,0
1865,0
61791,0
10195,0
49530,0
47327,0
27582,0
45612,0
56292,0
50646,0
65754,1
51876,0
49444,0
50546,0
51540,0
39254,0
50544,0
52449,0
58574,0
49013,0
44912,0
45243,0
41630,0
17578,0
55721,0
48988,0
37686,0
23629,0
49730,0
50619,1
76025,0
58224,0
8967,0
46529,0
46195,0
74643,0
38317,0
49849,0
57212,0
40807,0
44896,0
49520,0
44826,0
50348,0
71676,0
51828,1
49021,0
48171,0
51162,0
52451,0
58232,0
59436,1
38321,0
57157,0
59440,0
59965,0
48138,0
38050,0
37958,0
60420,0
59861,0
39513,0
62835,0
44943,0
55779,0
45610,0
71880,0
63492,1
23047,0
75900,1
74465,0
71469,0
50014,1
75174,0
60308,1
71859,0
49950,0
417859,0
40805,0
49022,1
37430,0
58233,0
39538,0
73937,1
38117,1
55465,0
60935,0
59108,0
62838,0
38319,0
50357,0
58151,0
65759,0
41446,0
50321,0
59678,0
60307,1
64685,1
55301,0
50780,0
64639,0
74534,0
41513,0
50456,0
85435,0
62046,0
50839,0
45772,0
55846,1
65057,0
50359,0
23514,0
67913,0
59968,0
63493,0
68817,0
70578,0
72113,0
55420,0
10316,0
38356,0
72571,0
44564,0
50725,0
81390,0
64328,0
56288,0
44945,0
74998,0
49012,0
49494,0
57431,0
63310,0
80591,0
58428,0
47760,0
101173,0
88794,0
48340,0
70868,0
48231,1
43959,1
62206,0
77949,0
57089,0
50601,0
55787,0
69668,0
55720,0
59296,0
75622,0
64720,0
51588,0
57276,0
72213,0
77221,0
73567,0
38322,0
50217,0
62837,0
55292,0
51497,0
79070,0
79777,0
60422,0
57119,0
92182,0
9364,1
84355,0
59860,0
55725,0
44754,0
73499,0
91070,0
71688,0
48572,0
62630,0
56401,0
65055,0
49010,0
51017,0
56780,0
53487,0
73873,0
58882,0
65650,0
79120,0
74725,0
54518,0
58699,0
82532,0
38541,0
66150,0
49538,0
80379,0
67675,0
62796,0
121,1
672,0
425,0
2501,1
1576,0
557,0
1894,0
640,0
608,0
423,0
180,0
11544,0
4108,0
7451,0
9016,1
36669,0
170,0
7303,0
36586,0
3131,0
4547,0
10996,0
11452,0
65,0
2022,0
455,0
2642,0
2675,0
565,0
10229,1
8346,0
245,0
9884,0
1817,0
201,0
7299,0
9962,0
590,0
4147,0
818,0
9021,0
320,0
9645,0
9637,0
9023,0
10375,0
9334,0
8427,0
1430,0
1429,0
7090,0
4614,0
10590,0
9012,0
1360,0
11892,0
2757,0
11529,0
10611,0
4911,0
2135,0
15070,0
11812,0
12100,0
8470,0
2251,0
1537,0
8051,0
8665,0
11979,0
9488,0
1957,0
10426,0
16690,0
16643,0
20009,0
1574,0
9357,0
9280,0
13536,0
6278,0
5851,0
11560,1
31005,0
10592,0
2755,0
9266,0
9573,0
2103,0
9093,0
8198,0
2637,0
10712,0
14635,0
3132,0
4912,0
10550,0
9039,0
15028,0
11442,0
11468,0
11870,0
11022,0
37964,0
13435,0
9685,0
12779,0
9557,0
10894,0
17130,0
11692,0
15992,0
9533,0
12771,0
10052,0
13497,0
13950,0
9544,0
14112,1
59387,0
30072,0
21925,0
15186,0
2185,0
12277,0
54580,0
29047,0
680,0
278,0
13,1
8587,0
1637,0
8467,0
36593,0
628,0
36955,0
854,0
2164,0
9331,0
241,0
2292,0
306,0
11395,0
4476,0
712,0
10731,0
9495,0
888,0
193,0
3049,0
8984,0
6280,0
11596,0
8850,0
1024,0
22586,0
15139,0
11231,0
2124,0
522,0
8831,0
12160,0
9057,0
236,0
11667,0
2636,0
28032,0
8011,0
9624,0
3036,0
11858,0
26352,0
3586,0
10694,0
2788,0
35614,0
14275,0
2436,0
10872,0
46094,0
1909,0
18009,0
11212,0
16780,0
17585,0
46717,0
11592,0
10448,0
14425,0
24428,0
52520,0
49026,0
68718,0
37724,0
49040,0
49051,0
70981,0
82693,1
1930,0
62177,0
58595,0
64688,0
87827,0
57800,0
72105,0
75780,1
80278,0
82690,0
114150,0
41154,0
70160,0
64635,0
83542,0
76163,0
82675,0
62213,0
84892,0
68734,0
71552,0
77930,0
22970,0
81188,0
72570,0
72545,0
82390,0
72387,0
72331,0
58244,0
73723,0
83666,0
49049,0
44833,0
82695,0
62764,0
49529,1
59967,0
50620,0
97630,0
70435,0
57165,0
85446,0
76726,0
75674,0
76492,0
82507,0
77016,0
72976,0
76494,1
76493,0
10679,0
77877,1
57214,0
77866,0
80321,0
82633,1
70436,0
80585,0
127493,0
80035,0
72197,0
68722,0
72207,0
89492,0
81796,0
50647,0
65086,0
62214,0
87428,0
59961,0
82525,0
116613,0
87502,0
49527,0
86838,0
78698,0
86467,1
103620,0
127517,0
98548,0
71668,0
77883,0
61012,0
64689,1
77948,0
60599,0
68812,0
60747,0
75638,0
76489,0
82696,0
97430,0
72358,0
81836,0
94901,0
94348,0
54054,1
121826,0
84305,0
77174,0
133694,0
82650,0
96399,0
72431,0
82679,0
104755,0
49526,0
84174,0
82687,0
113947,0
88005,0
83686,0
82990,0
121642,0
83770,1
122857,0
135812,0
84200,0
88042,0
76487,0
59963,0
67660,0
109513,0
97614,0
89691,0
84175,0
139567,0
84332,0
98339,0
79694,0
84165,0
84329,0
49014,0
138222,0
63574,0
84336,0
84341,0
71679,0
130739,0
148265,0
88036,0
118628,0
128270,0
133463,0
115210,0
116977,0
126509,0
101267,0
122,1
277,0
22,0
24,0
605,0
604,0
12,0
310,0
508,0
10719,0
296,0
1278,0
587,0
9480,0
8273,0
8698,0
9654,0
14873,0
153,0
10147,0
9486,0
10009,0
10601,0
4256,0
10028,0
8409,0
1584,0
616,0
8961,0
1996,0
9902,0
2832,0
8619,0
322,0
9506,0
9341,0
1927,0
1428,0
11635,0
9919,0
6038,0
9257,0
9567,0
10327,0
10330,0
14411,0
9562,0
9620,0
9471,0
6964,0
10756,0
7288,0
4970,0
470,0
9358,0
9373,0
11007,0
2289,0
11023,0
6466,0
10623,0
10715,0
10782,0
10159,0
584,0
2055,0
12090,0
10708,0
4464,0
2116,0
11351,0
18736,0
6171,0
12279,0
10720,0
9616,0
11775,0
10632,0
11093,0
11547,0
11329,0
504,0
10944,0
10678,0
8046,0
16072,0
13537,0
10152,0
14926,0
1415,1
11615,0
1807,0
11059,0
1088,0
2662,0
9582,0
13920,0
237,0
11375,0
302,1
13370,0
15708,0
2056,0
22309,0
16941,0
8696,0
14527,0
321,0
10923,0
12253,0
24982,0
1792,0
24914,0
52036,0
10629,0
36658,0
4997,0
17813,1
31246,0
16930,0
28200,0
597,0
11970,0
607,0
782,0
18,0
415,0
714,0
489,0
184,0
8078,0
2649,0
8413,0
9444,0
9714,0
816,0
563,0
9427,0
1701,0
754,0
9366,0
3597,0
1813,0
9360,0
2255,0
9619,0
1639,0
2118,0
4233,0
1624,0
686,1
9769,0
11975,0
4824,0
9574,0
10003,0
8834,0
9772,0
586,0
2898,0
2163,0
978,0
8874,0
4995,0
638,0
9770,0
1281,0
4477,0
9437,0
66,0
11419,0
10155,0
4961,0
6072,0
10336,0
431,0
9746,0
9922,0
4421,0
11015,0
14289,0
6283,0
10217,0
2142,0
16052,0
6116,0
68924,1
20737,0
24662,0
9823,0
8860,0
10351,0
10371,0
6499,0
9414,1
34314,0
8854,0
9403,0
12628,0
9413,0
50512,0
34309,0
8197,0
9406,0
11831,0
31662,0
25624,0
330,0
10871,0
39385,0
13852,0
109445,0
49047,0
76338,0
68721,0
75656,0
101299,1
106646,0
68726,0
75612,0
57158,0
49521,0
152601,0
93456,0
54138,0
76203,0
87421,0
138843,0
64682,1
68724,0
47964,0
158015,0
62211,0
72190,0
116745,0
80274,1
138832,0
136400,0
96721,0
72559,0
86829,0
117263,0
76285,0
146233,0
168672,0
82654,0
60304,0
64686,0
123553,0
116711,0
193756,0
152532,0
49524,0
151960,0
122081,0
158011,0
109428,0
137093,0
112205,0
97367,0
109418,0
109439,0
49519,0
204082,1
107846,0
133805,1
109424,0
109091,0
117251,0
198277,0
87567,0
209189,0
81005,0
146238,0
70074,0
212716,0
146239,0
109414,0
208134,0
119283,0
82700,0
136795,0
140823,0
59859,0
157547,0
57201,0
82682,0
109431,0
86825,0
152747,0
76617,0
157386,0
68727,0
109443,0
68728,0
77950,0
136418,0
134374,0
72710,1
87516,0
130150,0
132232,0
169881,0
144340,0
132363,0
87818,0
107811,0
68179,0
64807,0
205601,0
106747,0
112949,1
209403,0
96936,0
169209,0
119675,1
109451,0
160588,0
192145,0
139038,0
77987,0
109421,0
152742,0
124459,0
103731,0
111190,0
127560,0
98357,0
77951,0
123109,0
93828,0
109491,0
199373,0
77931,0
152599,0
109410,0
77805,0
147773,0
162903,0
227707,1
190955,0
76170,0
134411,0
175574,0
129670,0
4258,0
76544,0
175528,0
152737,0
132344,0
227348,0
115782,0
145135,0
157360,0
115348,1
80920,0
164457,0
129139,0
82992,0
109417,0
145197,0
172391,0
160768,0
175541,1
211067,0
158916,0
152259,0
199534,0
193613,0
59981,0
156711,0
87499,0
146304,0
157841,0
109729,0
212769,0
214086,0
209262,0
146203,0
127373,0
192136,0
205220,0
217708,0
118289,0
232175,0
146227,0
190754,0
209901,0
176124,0
116741,0
203793,0
105,0
2108,0
526,0
9355,0
707,0
11976,0
9340,0
10014,0
1369,0
606,0
1374,0
10957,0
873,0
10999,0
9838,0
10925,0
9281,0
11797,0
9626,0
8408,0
15196,0
9731,0
13764,0
10849,0
10303,0
1694,0
23919,0
10843,0
5683,0
11064,1
8130,0
11893,0
13155,0
27064,0
19064,0
13938,0
9872,0
49370,0
11338,0
11240,0
12764,0
674,0
272,0
411,1
752,0
187,0
118,1
1895,0
7453,1
1635,0
953,0
9738,0
561,0
9522,0
8202,0
10022,0
74,0
1904,0
6957,0
9982,0
8488,0
9335,0
11283,0
1495,0
4379,0
254,0
4551,0
11968,0
4348,0
142,0
9928,0
11679,0
9779,0
787,0
1656,0
1830,0
6795,0
9947,0
3933,0
533,0
2800,0
9667,0
25,0
16320,0
215,0
9007,1
11451,0
9621,0
8292,0
1690,0
5236,0
921,0
116,0
10982,0
11096,0
9722,0
8814,0
9641,0
11431,0
11648,0
9777,0
179,0
4442,0
1947,0
2026,0
6519,0
612,0
8643,0
9388,1
11453,0
231,0
8999,1
257,0
9913,0
5289,0
6439,0
3291,0
7214,0
59,0
10065,0
7552,1
10027,0
7233,0
11638,0
9687,0
9910,0
7873,0
9315,0
8978,0
308,0
6963,0
9885,0
11683,0
69,0
8976,0
10060,0
9981,0
14517,0
10012,0
8066,0
13374,0
9291,0
7553,0
11637,0
10077,0
791,0
10048,0
6961,1
168705,0
7364,0
9515,0
398,1
14175,0
1985,0
2652,0
10066,0
13922,0
9923,0
14177,0
14199,0
15487,0
8053,0
10092,0
9763,0
11804,0
9270,0
12700,0
11400,0
1951,0
11459,0
9813,0
11460,0
340,0
17113,0
13499,0
9899,0
14375,0
10476,0
546,0
12142,0
8968,0
1826,0
9042,0
1833,0
10707,0
12228,0
18882,0
16411,0
10263,0
2610,0
9701,0
15624,0
7870,0
23478,0
13341,0
17880,0
9787,0
16608,0
9700,0
9009,1
292,0
24618,0
49081,0
868,0
834,0
58,0
920,0
36557,0
591,0
9762,0
950,0
956,0
350,0
1422,0
1581,0
1124,0
1593,0
1164,0
9693,0
1452,0
496,0
9339,0
9767,0
388,0
7518,0
1427,0
1372,0
1948,0
186,0
9036,0
9286,0
588,0
9655,0
1381,0
9836,0
1246,0
11619,0
9904,0
7551,0
2486,1
2044,0
4257,0
9297,0
6877,0
1579,0
9906,0
9792,0
10025,0
1247,0
9920,0
82,0
9293,0
9044,0
3683,0
1378,0
9975,0
9708,0
7516,0
9530,0
11170,0
1491,0
9988,0
1441,0
1717,1
11565,0
3093,0
2295,0
9718,0
1402,0
1887,0
9959,0
1523,0
214,0
7512,0
9353,0
9676,0
503,0
9310,0
18615,0
1819,0
773,0
9072,0
9794,0
806,0
1251,0
3509,1
1262,0
1852,0
9726,0
313,0
37725,0
10073,0
9788,0
7484,0
9907,0
9828,0
1125,0
326,0
8998,0
12094,0
4643,0
4723,0
9615,0
13967,0
9682,0
7874,0
11515,0
9903,0
8975,0
7510,0
10067,0
9978,0
16781,0
9986,0
12763,0
14113,0
14191,0
9952,0
1116,0
2207,0
512,0
17379,0
1259,1
9829,0
13185,0
9053,0
1165,0
5820,0
182,0
9664,0
7304,0
13668,0
1975,0
13197,0
9754,0
13249,0
13075,0
13495,0
2179,0
9895,0
9954,0
10053,0
9672,0
12795,0
14194,0
9656,0
5172,0
10288,0
13960,0
12526,0
9697,0
9766,0
18925,0
8618,0
16727,0
1781,0
9809,0
11798,0
9842,0
13275,0
2016,0
14012,0
10069,0
10093,0
14064,0
36668,0
13508,0
13751,0
9958,0
16083,0
14799,0
13484,0
13856,0
673,0
393,0
9801,0
38,0
11036,0
9806,0
2502,1
652,0
2059,0
2048,1
1824,0
10625,0
7131,0
1487,0
5255,0
809,0
1954,0
1577,0
163,0
693,0
435,0
2567,0
1538,0
747,0
36648,0
594,0
11774,0
70,0
8920,0
10555,0
5137,0
11836,0
1640,0
8699,0
10096,0
14442,0
10591,0
866,0
11247,0
395,0
9472,0
10045,0
1966,0
11282,0
176,0
558,0
9352,0
9509,0
5966,0
2288,0
7220,0
314,0
27,0
924,0
9477,0
2789,0
2539,0
1586,0
4836,0
10589,0
14623,0
11130,0
10733,0
80,0
1970,0
9759,0
14462,0
4553,0
11249,0
11045,0
8849,0
4380,0
9541,0
9890,0
14337,0
11633,0
13700,0
2023,0
1777,0
13476,0
12153,0
205,0
11358,0
13572,0
83,0
3989,0
9675,0
10762,0
9384,0
11132,0
6947,0
2122,0
615,0
11237,0
1677,0
10677,0
11823,0
11081,0
9833,0
401,0
8193,0
11026,0
11208,0
421,0
10204,0
21301,0
10145,0
15566,0
11866,0
11058,0
12109,0
13416,1
4599,0
20912,0
15644,0
14024,0
11632,0
1997,0
10718,0
14292,0
16617,0
12657,0
11217,0
14844,0
8080,0
12634,1
26579,0
16232,0
15673,0
11169,0
17047,0
19084,0
9372,0
18923,1
14846,0
8842,0
13702,0
11128,0
20483,0
15483,0
291,0
12281,0
23601,0
16784,0
20304,0
20200,0
1392,0
238,0
10669,0
1688,0
573,0
692,0
11624,0
551,0
5916,0
1891,0
694,0
813,0
525,0
5689,0
1578,0
8536,0
4488,0
3604,0
1955,0
790,0
11977,0
11033,0
14475,0
10935,0
11542,1
2768,0
23954,0
11337,0
36599,0
14460,0
15668,0
14729,0
285,0
675,0
2062,0
2503,1
6977,0
6479,0
6637,0
559,0
5876,0
2270,1
1991,0
1571,0
5174,0
5915,0
1271,0
1250,0
7326,0
1265,0
7485,0
4347,1
7345,0
4982,0
810,0
13885,0
8363,0
6477,0
5559,0
1267,0
6023,0
4964,0
3594,1
1979,0
4523,0
1949,0
298,0
1273,0
35,0
6538,0
1562,0
4349,0
440,0
1272,0
1268,0
3432,0
4513,0
2268,0
5723,0
3489,0
4413,0
8271,0
4515,0
5176,0
5123,0
13483,0
10431,0
23827,0
2698,0
3563,0
1738,0
9963,0
663,0
5375,0
2976,0
4141,0
2252,0
2310,0
3638,0
9038,0
9408,0
3021,0
1620,0
13680,0
285923,0
7942,0
9966,0
1858,0
7350,0
1691,0
8398,0
5857,0
2082,0
2977,0
8461,0
4517,0
4858,0
7972,0
14144,0
10758,0
13474,0
7737,0
13025,0
4512,0
1988,0
2196,0
1683,0
7183,0
13614,0
9757,0
11172,0
5125,0
13195,0
6973,0
10030,0
9760,0
13067,0
16873,0
12435,0
14047,0
1646,1
9785,0
15206,0
2001,0
7979,0
10294,0
7211,0
10760,0
14125,0
2959,0
15019,0
4566,0
6615,0
54318,0
11835,0
10425,0
8270,0
2359,0
1534,0
4771,1
6575,0
13243,0
3877,0
13910,0
2355,0
6639,0
3902,0
15568,0
10946,0
13501,0
9703,0
14397,0
1989,0
8141,0
4538,0
1931,0
14324,0
2239,0
14001,0
13059,0
13177,0
15728,0
13258,0
14434,0
4629,0
1248,0
13362,0
17202,0
14044,0
16725,0
16555,0
1961,0
10090,0
14396,0
27298,0
22887,0
12901,0
348,0
28,0
9659,0
152,0
698,0
583,0
1367,0
9453,0
9638,0
10734,0
9570,0
29723,0
12102,0
11519,0
20283,0
17264,0
218,0
87,0
620,0
927,0
34584,1
90,0
279,0
1885,0
377,0
9610,0
4437,0
841,0
9326,0
9336,0
157,0
1788,0
13820,0
9663,0
12309,0
15144,0
625,0
18462,0
11884,0
24264,0
2619,0
655,0
11507,0
16969,0
2148,0
8764,0
13763,0
15379,0
11393,0
10823,0
15927,0
14746,0
24128,0
23730,0
18498,0
11221,0
26178,0
12762,0
1892,0
111,0
36670,0
700,0
9531,0
1621,0
860,0
11153,0
17692,0
10650,0
9346,0
9549,0
14813,0
227,0
19698,0
10269,0
6341,0
11336,0
535,0
15301,0
232,0
10805,0
14854,0
10576,0
837,0
15035,0
15050,0
26198,0
24808,1
40229,0
26978,0
807,0
862,0
629,0
197,0
710,0
8844,0
1572,0
9348,0
63,0
568,0
9737,0
10530,0
949,0
76,0
9482,0
414,0
524,0
9598,0
8839,0
5,0
9804,0
9273,0
688,0
451,0
1642,0
9886,0
8068,0
2064,0
577,0
3512,0
1408,0
9312,0
4584,1
11017,0
9070,0
8012,1
9691,0
12106,0
9067,0
10634,0
687,0
8963,0
10802,0
11448,0
9560,0
9271,0
11980,0
11517,0
11780,0
10428,0
10858,0
6520,0
9382,0
10987,0
11859,0
2293,0
9087,0
1775,0
281,0
9071,0
2086,0
10149,0
9102,0
9344,0
28313,1
11863,0
12158,0
9091,0
400,0
10329,0
10533,1
8512,0
9263,0
31357,1
11876,0
11861,0
54648,0
48781,0
20649,0
25066,0
36278,0
500,0
812,0
772,0
364,0
8077,0
943,0
6114,0
8845,0
881,0
8872,0
402,0
9504,0
11158,0
12143,0
33,0
2005,0
1492,0
10906,0
9475,0
10538,0
763,0
12088,0
619,0
9869,0
10414,0
1923,0
10403,0
11569,0
1883,0
9361,0
9367,0
11087,0
10497,0
47821,0
11287,0
10377,0
11386,0
11066,0
10163,0
9529,0
17494,0
14361,0
2687,0
13153,0
11259,0
20763,0
16136,0
18764,0
9605,0
10424,0
19143,0
13937,0
10409,0
85,0
41280,0
699,0
10948,1
8810,0
10156,0
814,0
764,0
1103,0
9443,0
9725,0
11281,0
13665,0
43089,0
10246,0
18254,0
11286,0
19429,0
36819,0
9538,0
10890,0
10540,0
24274,0
11644,0
848,0
11298,0
21610,0
10627,0
10323,0
19507,0
602,0
954,0
627,0
275,0
9802,0
75,0
454,0
10545,0
2300,0
9268,0
11674,0
9294,0
755,0
1645,0
199,0
9614,0
9279,0
4232,0
11412,0
9390,0
10830,0
8840,0
9327,0
11228,0
9103,0
12123,0
409,0
2320,0
664,0
3595,0
9894,0
819,0
10779,0
9208,0
10061,0
1630,0
10547,0
9303,0
10218,0
9879,0
9566,0
7095,0
1592,0
10684,0
9400,0
9100,0
8766,0
11543,0
21539,0
10723,0
9431,0
8818,0
2074,0
549,0
9333,0
10861,0
18550,0
11363,0
10546,0
13685,0
10539,1
3573,1
10478,0
2925,0
28005,0
12498,0
11159,0
9095,0
10586,0
25147,0
26748,0
36355,0
6346,0
10534,0
9826,0
11306,0
1770,0
8052,0
15691,0
12709,0
9306,0
24206,0
13891,0
11962,0
49763,0
40001,0
98,0
77,0
8871,0
8358,0
107,0
955,0
1636,0
4247,0
11688,0
3981,0
10567,0
4327,0
7443,0
2024,0
9532,0
6282,0
2085,0
3536,0
71,0
9679,0
462,0
1597,0
134,0
2787,0
14181,0
10501,0
1493,0
10559,0
641,0
10647,0
9383,0
9600,0
1359,1
16,0
9285,0
10637,0
2046,0
4958,0
1900,0
8859,0
5994,0
8452,0
11478,0
2123,0
8584,0
9741,0
5551,0
2069,0
786,0
1588,0
392,0
243,0
8870,0
2067,0
8843,0
479,0
10461,0
889,0
11973,0
1907,0
2133,0
7450,0
4234,0
11678,0
2155,0
15655,0
10471,0
10577,0
13526,0
12212,0
11978,0
2655,0
10479,0
711,1
10571,0
10481,0
12107,0
4967,0
10384,0
10862,0
11398,0
16222,0
4244,0
12211,0
14736,0
18041,0
10876,0
1831,0
11849,0
16888,0
10688,0
10562,0
20697,0
10560,0
2621,0
2360,0
22597,0
25166,0
29076,0
36657,0
24100,1
10873,0
17711,0
15723,0
10385,0
36047,0
78,0
601,0
1091,0
1368,0
97,0
1371,0
609,0
9387,0
150,0
154,0
13342,1
11639,0
783,0
9576,0
11704,0
15764,0
9037,0
16281,0
15739,0
11541,0
9728,0
10676,0
24226,0
10724,0
14373,0
24266,0
37165,0
95,0
10674,0
36647,0
115,0
857,0
2109,0
9487,0
9837,0
8916,0
8195,0
2666,0
617,0
544,0
846,0
73,0
12159,0
9798,0
8656,0
2157,0
9631,0
297,0
944,0
3600,0
929,0
6435,0
10153,0
6068,0
1878,0
1934,0
9342,0
10663,0
1965,0
473,0
795,0
8741,1
11551,0
3050,0
200,0
9489,0
11808,0
4518,0
1389,0
11003,0
9454,0
10312,0
9877,0
10220,0
9424,0
9447,0
100,0
9429,0
547,0
11932,0
3682,0
9410,0
9882,0
8688,0
10215,0
9320,0
22796,0
9448,0
11568,0
9469,0
11258,0
9422,0
10683,0
11702,0
9276,0
825,0
15037,0
11675,0
11252,0
9457,0
14283,0
10029,0
9425,0
9844,0
9452,0
9464,0
9490,0
3033,0
22256,0
9835,0
16148,0
24746,0
4927,0
12257,0
27791,0
17127,0
42807,0
33644,0
10144,0
89,0
639,0
268,0
165,0
207,0
2978,0
709,0
5825,0
9665,0
2756,0
942,0
9618,0
1648,0
9494,0
9354,0
172,0
10222,0
10160,0
10134,0
11974,0
8913,0
11185,0
2604,0
2616,0
9942,0
8491,0
10345,0
10142,0
10283,0
11352,0
24739,0
11497,0
9085,0
12150,0
10493,0
12521,0
403,0
11562,0
4105,0
10161,0
925,0
11361,0
27418,0
10135,0
14628,0
31608,0
37606,0
476,0
183,0
15138,0
10020,0
280,0
879,0
8367,0
8010,0
1598,0
174,0
37137,0
1089,0
2924,0
2907,0
9292,0
10249,0
1541,0
10537,0
1497,0
11933,0
274,1
290,0
11284,0
9319,0
820,0
650,0
2453,0
9594,0
10276,0
11187,0
1406,0
9595,0
13888,0
1633,0
13154,0
7442,0
20421,0
177,0
15413,0
19200,0
10337,0
1496,0
14362,0
10333,0
1713,0
10952,0
41780,0
11890,0
21219,0
2071,0
12227,1
25330,0
34376,0
562,1
2280,0
37136,0
13704,0
4011,0
380,0
11690,0
9602,0
1370,0
9493,0
856,0
12144,0
7520,0
10585,0
847,0
10131,0
287,0
9604,0
623,0
9599,0
11285,0
1632,0
3525,0
8337,0
15158,0
11357,0
10117,0
2321,0
10281,0
859,0
12120,0
10675,0
24929,0
10306,0
9013,0
9395,0
11051,0
48309,0
2617,0
9540,1
26386,0
59797,0
24924,0
10132,0
2210,0
40820,0
10127,0
29787,1
24348,0
11503,0
10126,0
19382,0
7091,0
11347,0
35119,0
12663,0
19051,0
106,0
600,1
88,0
957,0
708,0
5548,0
765,0
941,0
865,0
580,0
2493,0
10072,0
10673,0
96,0
11411,0
378,0
117,0
801,0
746,0
10998,0
635,0
1825,0
1547,0
16288,0
10780,0
10937,0
12626,0
918,0
10023,0
17258,0
15785,0
10083,0
10021,0
12154,0
8852,0
9003,0
14499,0
16620,0
31650,0
18410,0
11896,0
13509,0
12919,0
10019,0
18935,0
50719,0
62,0
871,0
916,1
805,0
17917,0
4929,0
11046,0
22377,0
29146,0
240,0
829,0
682,0
3034,0
30497,0
592,0
11072,0
27932,1
5121,0
11034,0
13939,0
5919,0
11123,0
510,0
578,0
762,0
36685,0
3175,0
11843,0
22094,0
11326,0
968,0
646,0
947,0
595,1
11897,0
11697,0
898,0
1162,0
658,0
935,0
433,0
704,0
506,0
11113,0
14703,0
185,0
252,1
681,0
984,0
1687,0
994,0
636,0
1051,0
15393,0
482,0
14811,0
25188,0
11951,0
861,0
769,0
1573,1
196,0
162,0
114,0
242,0
581,0
251,0
1498,0
1700,0
1375,0
11186,0
1669,0
169,0
2119,0
379,0
928,0
9362,0
5549,0
34636,0
11595,0
9399,0
17466,0
483,0
1551,0
2291,0
9768,0
41823,0
19384,0
8592,0
9556,0
19185,0
9586,0
10173,0
951,0
9558,0
19158,0
24016,0
11309,0
20701,0
9569,0
11135,0
27274,0
20481,0
32669,0
9548,0
2612,0
22414,0
31225,0
771,0
4587,0
16094,0
12230,0
164,0
1725,0
10911,1
821,0
36362,0
28501,0
18647,0
430,0
248,0
539,0
966,0
967,0
284,0
18973,0
103,0
1366,0
7340,1
794,0
10803,0
10730,0
891,0
10649,0
5854,0
10747,0
10518,1
10774,0
12268,0
19610,0
23479,0
137,0
9479,0
424,0
329,0
9739,0
788,0
5503,0
9386,0
9800,0
9571,0
9593,0
9559,0
8005,0
9350,0
867,1
1499,0
864,0
858,0
11969,0
9024,0
6075,0
9255,0
319,0
9607,0
6279,0
9944,0
10057,0
5550,0
1587,0
12139,0
10909,0
1607,0
10440,0
37094,0
37233,0
10349,0
10439,0
7984,0
4722,0
1634,0
713,0
35588,0
9272,0
2019,0
1245,0
14919,0
10436,0
7305,0
10285,0
9644,0
14534,0
10438,0
10442,0
2259,0
4478,0
9516,0
2149,0
10427,0
11811,0
46828,0
1689,0
507,0
8291,0
25748,0
19931,1
33408,0
15613,1
15797,0
41759,0
10423,0
28260,0
9261,0
9325,0
37247,0
12208,0
667,0
475,0
903,0
11206,0
1654,1
10633,0
1879,0
16081,0
3055,1
2984,0
657,0
571,0
4808,0
8095,0
5925,1
27759,0
679,0
8009,0
792,0
744,0
9377,0
235,1
9426,0
10068,0
9994,0
11483,0
793,0
168,0
10658,0
6978,0
11873,0
192,0
13597,0
8856,0
2099,0
9671,0
10015,0
10136,0
11133,0
10466,0
10776,0
11416,0
5693,0
10225,0
14510,0
3980,0
14924,0
5143,0
31947,0
9941,0
9980,0
11257,0
10013,0
10017,0
16337,0
31909,0
30194,0
13715,0
33061,0
2620,0
26555,0
13766,0
34223,0
11454,0
11886,0
9552,0
253,0
203,0
9461,0
1705,0
9277,0
838,0
5924,0
11561,0
9040,0
28110,0
10112,0
1685,0
651,0
11202,0
9062,1
11165,0
10671,1
2998,0
11040,0
23330,0
5185,0
660,0
15121,0
907,0
10338,0
2428,0
668,0
642,0
3116,0
576,0
621,0
579,0
923,0
1924,0
948,0
8469,0
11778,0
11327,0
123,0
4192,0
28932,0
17339,0
9584,0
11850,0
24961,0
10766,0
11837,0
396,0
5780,0
6644,0
5923,0
2161,0
